{"cameraMode":{"drawMode":0,"name":"Shaded","section":"Shading Mode"},"sceneLighting":true,"audioPlay":false,"sceneViewState":{"m_AlwaysRefresh":false,"showFog":true,"showSkybox":true,"showFlares":true,"showImageEffects":true,"showParticleSystems":true,"showVisualEffectGraphs":true,"m_FxEnabled":true},"in2DMode":false,"pivot":{"x":-2.363771438598633,"y":2.856424331665039,"z":0.24443435668945313},"rotation":{"x":-0.05636020004749298,"y":0.9239266514778137,"z":-0.14987045526504517,"w":-0.3474513292312622},"size":18.407367706298829,"orthographic":false}